GEO_ID,NAME,popten1,owner1,renter1,popten2,owner2,renter2,popedu1,popedum1,popedum_e,ASdegm1,BAdegm1,MAdegm1,prodegm1,drdegm1,popeduf1,ASdegf1,BAdegf1,MAdegf1,prodegf1,drdegf1,popedu2,popedum2,ASdegm2,BAdegm2,MAdegm2,prodegm2,drdegm2,popeduf2,ASdegf2,BAdegf2,MAdegf2,prodegf2,drdegf2,poprac1,white1,poprac2,white2,mfi1,mfi2,mhv0,mhv1,mhv2,mhi1,mhi2,tothous,y14topr,y10to13,y00to10
42101000200,"Census Tract 2, Philadelphia County, Pennsylvania",1005,482,523,1439,851,588,1602,774,140,7,140,65,76,17,828,7,140,53,43,0,2526,1402,110,627,49,47,83,1124,33,310,77,36,40,1919,343,3175,796,34868,71600,112500,254700,448100,43218,83854,1564,56,0,122
42101000300,"Census Tract 3, Philadelphia County, Pennsylvania",1832,551,1281,2057,386,1671,2551,1201,164,24,372,259,271,40,1350,20,276,248,194,95,2924,1199,27,430,152,289,136,1725,35,855,172,266,102,4333,2706,3586,2073,121516,171364,194400,456000,627900,65577,84843,2243,49,22,295
42101000600,"Census Tract 6, Philadelphia County, Pennsylvania",653,21,632,868,36,832,803,501,210,12,120,129,78,13,302,0,50,39,129,38,1145,487,0,281,72,65,31,658,0,164,223,148,30,1541,827,1312,923,106574,195581,225000,312500,687500,53938,86786,1145,180,16,17
42101001400,"Census Tract 14, Philadelphia County, Pennsylvania",1971,810,1161,2089,1112,977,2915,1481,242,115,566,338,91,47,1434,56,557,283,29,28,3333,1544,73,472,186,171,37,1789,14,389,484,162,131,3728,2440,4100,2520,107456,204205,88800,386100,563400,58125,95430,2325,38,159,117
42101001500,"Census Tract 15, Philadelphia County, Pennsylvania",1247,645,602,1475,748,727,2133,1247,244,31,379,160,71,39,886,38,214,233,78,56,2602,1212,111,246,281,109,77,1390,28,543,170,102,129,2600,1775,3260,1857,69224,158527,142800,375700,492100,62591,72596,1570,53,31,175
42101001600,"Census Tract 16, Philadelphia County, Pennsylvania",1083,457,626,1219,565,654,1566,822,154,28,341,134,43,55,744,95,260,107,58,33,1939,930,20,400,158,175,14,1009,22,479,228,127,61,2048,1765,2481,2087,156591,235547,175000,493400,594200,62266,116250,1320,0,14,58
42101001700,"Census Tract 17, Philadelphia County, Pennsylvania",1435,901,534,1342,831,511,2340,1118,135,70,458,197,51,108,1222,118,384,298,55,39,2273,1009,17,337,263,184,73,1264,109,436,261,183,93,2830,2292,3039,2103,128250,201023,165200,391300,587400,72083,115476,1513,10,0,29
42101001800,"Census Tract 18, Philadelphia County, Pennsylvania",1342,724,618,1593,769,824,2220,1158,172,33,392,83,171,29,1062,22,296,201,65,33,2365,915,30,358,176,88,40,1450,57,430,433,111,106,2918,2103,3081,2250,85625,161346,91100,367600,456800,58968,94688,1746,88,75,175
42101001900,"Census Tract 19, Philadelphia County, Pennsylvania",1005,534,471,1583,887,696,2120,1184,337,26,261,109,20,9,936,26,274,87,87,33,3311,1498,47,640,179,187,81,1813,51,597,363,303,136,2684,1021,3995,2131,63417,126000,50600,326700,483500,48523,121770,1685,175,146,276
42101002000,"Census Tract 20, Philadelphia County, Pennsylvania",786,466,320,953,518,435,1093,415,142,64,63,19,0,0,678,20,91,5,54,15,1576,807,27,264,68,58,0,769,169,128,108,7,23,1870,50,1882,537,22685,49615,25800,94600,268200,14153,49282,1202,171,3,0
42101002100,"Census Tract 21, Philadelphia County, Pennsylvania",880,478,402,909,597,312,1118,432,135,6,55,0,0,0,686,19,73,12,9,36,1913,900,20,234,45,9,32,1013,150,248,110,8,7,1855,104,2321,850,31389,83083,29900,107500,254200,30197,73466,1084,132,34,16
42101002200,"Census Tract 22, Philadelphia County, Pennsylvania",874,296,578,1115,520,595,1250,647,164,0,86,27,59,13,603,29,129,130,30,0,2040,1108,28,247,104,116,26,932,6,213,152,17,18,1830,417,2669,1065,18977,37319,29000,137700,322800,20789,54261,1376,74,110,137
42101002300,"Census Tract 23, Philadelphia County, Pennsylvania",1170,601,569,1239,676,563,2047,1032,178,35,268,47,0,22,1015,87,154,56,37,8,2314,1335,10,353,158,103,48,979,0,259,190,54,35,2631,1494,2977,1950,57717,81563,64600,223100,364400,27667,72244,1340,32,0,33
42101002400,"Census Tract 24, Philadelphia County, Pennsylvania",1944,896,1048,2446,1191,1255,3001,1422,290,76,316,129,102,39,1579,68,314,275,55,54,3948,1806,43,674,204,118,139,2142,38,774,538,37,102,4549,2566,4892,3395,38254,128450,70200,237200,388000,39080,81476,2723,229,167,58
42101002500,"Census Tract 25, Philadelphia County, Pennsylvania",1599,617,982,1911,1104,807,2469,1076,187,40,219,86,53,22,1393,49,212,79,30,10,3074,1179,23,372,184,95,12,1895,122,445,326,114,73,3618,1687,4199,2416,40077,80694,68900,272100,408100,27123,66851,2019,41,129,190
42101002900,"Census Tract 29, Philadelphia County, Pennsylvania",1947,1220,727,1987,1214,773,3086,1605,204,49,247,190,37,52,1481,12,209,220,31,12,3145,1450,80,416,151,134,53,1695,0,449,449,62,0,3788,3388,3762,2728,67713,108023,62100,226000,320500,43828,66932,2248,0,0,0
42101003100,"Census Tract 31, Philadelphia County, Pennsylvania",1856,1094,762,2086,1270,816,2601,1093,321,87,49,41,0,0,1508,30,54,67,67,0,3410,1956,169,292,192,69,56,1454,51,390,199,59,38,3965,217,4575,1095,36273,70393,27600,76100,166600,24091,57250,2381,104,46,24
42101003200,"Census Tract 32, Philadelphia County, Pennsylvania",1828,1085,743,1541,872,669,2991,1269,335,52,0,13,0,0,1722,134,55,26,0,0,2772,1285,86,158,54,0,0,1487,104,210,80,12,0,4857,329,4100,467,25389,47833,24900,60200,137200,25980,43289,2043,41,0,59
42101003300,"Census Tract 33, Philadelphia County, Pennsylvania",2281,960,1321,2363,864,1499,3626,1611,376,105,124,25,0,0,2015,53,54,0,0,0,4474,2380,51,117,72,0,310,2094,149,151,165,0,42,6420,1207,6417,2364,27485,35953,27600,76700,138100,24097,53678,2967,0,0,0
42101003600,"Census Tract 36, Philadelphia County, Pennsylvania",2752,1186,1566,2441,1397,1044,3772,1375,266,0,187,34,17,0,2397,108,276,27,0,0,4463,1836,145,117,93,0,0,2627,63,347,82,46,0,6996,1340,7109,1537,20309,48591,45400,118900,158900,18487,36861,2710,0,0,309
42101003701,"Census Tract 37.01, Philadelphia County, Pennsylvania",2283,1072,1211,2192,1308,884,3899,1709,333,15,85,0,0,0,2190,106,217,55,0,13,4341,1881,360,132,29,0,0,2460,203,526,201,0,0,7141,347,5617,962,31378,48547,36800,66200,151300,29379,39340,2688,0,0,0
42101003702,"Census Tract 37.02, Philadelphia County, Pennsylvania",1298,855,443,1235,597,638,2057,877,162,93,84,35,0,7,1180,55,134,58,0,0,2357,1032,16,280,0,31,22,1325,77,212,32,0,30,3116,837,3922,746,35357,47895,45300,100800,162500,31328,40202,1380,0,0,0
42101003800,"Census Tract 38, Philadelphia County, Pennsylvania",1677,1346,331,1590,1286,304,2955,1393,179,73,278,71,61,31,1562,152,176,124,52,15,2857,1293,17,152,127,52,1,1564,115,304,108,21,14,3866,3679,3912,3335,59728,90972,74100,206300,243000,52031,75682,1686,0,9,8
42101003901,"Census Tract 39.01, Philadelphia County, Pennsylvania",2438,1437,1001,2869,1286,1583,4602,2301,332,87,384,35,16,0,2301,40,175,152,30,0,5438,2747,163,982,159,42,27,2691,290,593,315,52,32,6746,4139,6429,4164,48533,70543,55400,137100,223900,39000,51932,3177,0,0,0
42101003902,"Census Tract 39.02, Philadelphia County, Pennsylvania",2268,1996,272,2270,1729,541,3814,1889,295,100,332,34,14,0,1925,46,196,44,0,0,4370,2245,76,437,61,0,0,2125,136,598,24,0,0,5437,5165,5682,5453,64896,70895,78300,205400,244200,49517,66179,2505,0,0,0
42101004001,"Census Tract 40.01, Philadelphia County, Pennsylvania",1898,1321,577,1823,914,909,3181,1497,172,47,319,83,6,13,1684,48,287,59,0,35,3386,1865,201,301,69,156,7,1521,47,414,125,55,65,4168,3302,4037,2660,53083,49603,59900,172100,252300,35441,61542,1987,0,0,78
42101004002,"Census Tract 40.02, Philadelphia County, Pennsylvania",2088,1595,493,2248,1700,548,3519,1529,230,75,87,94,28,71,1990,52,240,71,0,17,3824,1774,46,248,131,41,0,2050,87,307,168,137,26,4617,4192,5247,4119,59309,94125,64900,174500,218800,40000,63726,2340,0,0,0
42101004101,"Census Tract 41.01, Philadelphia County, Pennsylvania",1861,851,1010,1851,1141,710,3483,1842,345,22,97,34,0,0,1641,29,77,44,17,0,3542,1596,76,219,191,45,0,1946,151,447,78,14,0,5389,1593,4952,1420,28996,81099,34500,90900,178800,22220,36365,2161,55,0,120
42101004201,"Census Tract 42.01, Philadelphia County, Pennsylvania",2044,1465,579,2166,1784,382,3720,1776,356,30,181,74,0,14,1944,47,255,91,0,0,4135,1913,130,446,72,18,0,2222,64,275,84,84,28,5639,3909,5374,4034,52250,59801,58200,164900,210100,40278,61633,2320,96,6,10
42101004202,"Census Tract 42.02, Philadelphia County, Pennsylvania",1719,1366,353,1898,1504,394,3418,1517,221,76,177,8,0,0,1901,119,138,32,0,0,4254,1936,165,218,186,0,0,2318,156,296,115,14,10,4941,3525,5763,3917,44848,61636,54400,127600,202100,38237,61858,2107,0,0,0
42101005400,"Census Tract 54, Philadelphia County, Pennsylvania",654,271,383,696,265,431,1027,556,150,57,183,42,0,9,471,108,43,50,0,0,1105,561,38,103,16,6,0,544,48,97,111,0,4,1535,154,1552,233,61406,71161,98300,181000,189400,60270,57333,751,0,3,9
42101005500,"Census Tract 55, Philadelphia County, Pennsylvania",2384,1722,662,2593,1676,917,4183,1961,275,79,207,100,15,41,2222,150,185,149,29,0,4250,1812,250,170,18,55,0,2438,160,569,120,30,0,6427,607,6172,836,57656,63033,78300,137300,151100,47708,61417,2718,0,36,94
42101005600,"Census Tract 56, Philadelphia County, Pennsylvania",481,56,425,634,61,573,772,286,119,0,88,0,0,0,486,35,66,0,0,12,865,417,37,34,0,0,0,448,11,30,41,0,40,1183,17,1239,58,62407,36250,73800,186100,141100,46321,42031,673,0,40,11
42101006000,"Census Tract 60, Philadelphia County, Pennsylvania",2411,1728,683,2148,1428,720,4271,1925,408,98,161,52,0,0,2346,118,290,54,0,0,4146,1810,183,186,90,67,13,2336,187,201,118,0,0,6024,1362,6370,449,51309,44199,54300,106000,123300,46343,43235,2561,60,0,0
42101006100,"Census Tract 61, Philadelphia County, Pennsylvania",1154,938,216,1112,767,345,2017,783,117,30,55,0,28,0,1234,68,159,27,0,0,1899,789,28,91,9,0,0,1110,118,98,49,0,0,3438,576,2776,143,48452,38864,57300,92000,118600,45185,35361,1241,0,0,0
42101006200,"Census Tract 62, Philadelphia County, Pennsylvania",1364,922,442,1446,547,899,1968,787,181,43,77,0,0,0,1181,72,63,12,0,0,2784,1342,142,160,0,0,0,1442,224,122,0,10,0,4668,561,4672,209,30878,34474,44500,90100,80600,29899,32521,1549,0,0,0
42101006300,"Census Tract 63, Philadelphia County, Pennsylvania",1218,530,688,1420,480,940,1964,950,286,55,104,23,0,0,1014,30,62,0,0,0,3026,1561,90,103,64,0,7,1465,94,67,10,0,0,4133,241,4599,154,28036,38653,38900,84800,66600,26324,28681,1797,21,45,132
42101006400,"Census Tract 64, Philadelphia County, Pennsylvania",1419,783,636,1475,958,517,2419,1054,242,81,80,51,0,0,1365,30,98,28,0,0,2523,1176,125,191,31,0,5,1347,181,140,14,0,0,5174,481,4801,306,34655,39375,42800,87800,79100,31264,28981,1657,0,32,0
42101006500,"Census Tract 65, Philadelphia County, Pennsylvania",1728,1007,721,1552,843,709,3217,1262,237,107,41,10,0,0,1955,106,116,40,15,0,2599,1096,71,50,107,0,0,1503,128,129,126,10,0,5249,25,3867,15,38935,47961,39500,74100,85100,32171,36974,2101,22,0,37
42101006600,"Census Tract 66, Philadelphia County, Pennsylvania",1430,376,1054,1185,414,771,2591,1152,352,130,0,0,10,0,1439,166,33,0,0,0,1899,847,25,51,0,0,0,1052,67,57,0,0,0,4286,102,3370,139,27004,34211,35300,82500,69100,26624,21289,1521,75,0,0
42101006700,"Census Tract 67, Philadelphia County, Pennsylvania",2322,1060,1262,2685,1224,1461,3574,1472,322,158,179,19,0,0,2102,208,101,29,12,0,4279,1409,55,110,43,11,13,2870,476,106,49,41,57,7138,1043,7215,167,28393,47790,42200,77000,84700,28049,37056,2979,0,0,14
42101007000,"Census Tract 70, Philadelphia County, Pennsylvania",1574,899,675,1399,727,672,3168,1243,253,28,78,61,0,11,1925,114,44,82,0,38,2301,1002,7,49,59,0,0,1299,51,115,0,0,27,4908,58,3598,29,41705,41964,28900,55400,69800,33702,38378,1677,29,0,7
42101007200,"Census Tract 72, Philadelphia County, Pennsylvania",1739,1030,709,1588,726,862,2854,1093,203,104,118,0,0,0,1761,119,202,0,0,0,2585,898,25,78,60,0,0,1687,64,219,58,17,0,5424,47,4578,94,35029,40278,40000,60800,76000,27007,35412,1946,0,0,0
42101007300,"Census Tract 73, Philadelphia County, Pennsylvania",1119,612,507,1147,639,508,1874,825,219,0,50,33,0,0,1049,158,65,95,0,0,2038,606,25,110,34,0,12,1432,105,425,65,21,0,3060,252,3146,442,34450,53864,37900,74900,226100,24741,32195,1369,0,0,0
42101007400,"Census Tract 74, Philadelphia County, Pennsylvania",1734,980,754,1678,741,937,2646,1040,189,17,133,30,0,0,1606,110,52,59,33,22,2841,1346,66,98,39,0,13,1495,37,185,119,0,9,4490,379,4506,428,30721,50769,29700,61700,91800,25714,33424,2110,21,10,197
42101007700,"Census Tract 77, Philadelphia County, Pennsylvania",739,163,576,626,96,530,848,538,204,29,89,29,0,89,310,19,13,74,12,25,924,434,0,122,66,19,46,490,30,266,76,6,50,2627,1105,1946,938,49871,60735,57600,79300,300000,31005,50625,746,48,0,0
42101007800,"Census Tract 78, Philadelphia County, Pennsylvania",2024,574,1450,2051,524,1527,2640,1443,265,44,549,242,17,56,1197,15,376,296,72,49,3093,1600,51,371,387,59,86,1493,74,540,338,90,56,3963,2305,4066,2257,77333,99539,95300,370200,509300,39759,49526,2289,14,42,23
42101007900,"Census Tract 79, Philadelphia County, Pennsylvania",2069,735,1334,2072,897,1175,3148,1466,245,90,309,336,59,60,1682,105,435,493,60,63,3220,1369,17,337,359,28,136,1851,39,613,395,170,191,4485,1963,4044,2255,61734,127583,97000,332400,466900,40115,66667,2204,0,0,30
42101008000,"Census Tract 80, Philadelphia County, Pennsylvania",1602,919,683,1461,793,668,2739,1143,232,19,133,53,0,0,1596,50,355,80,29,22,2928,1413,22,586,200,2,19,1515,93,325,247,54,39,3600,490,3900,830,36092,74583,46300,96700,228800,33511,60163,1840,0,0,28
42101008200,"Census Tract 82, Philadelphia County, Pennsylvania",2580,1945,635,2648,1639,1009,5078,1997,452,54,115,41,0,0,3081,112,273,176,0,0,4040,1221,148,219,54,0,0,2819,200,341,203,0,20,8582,61,6202,61,51661,32485,49000,88900,117100,37708,30182,3273,0,19,18
42101008301,"Census Tract 83.01, Philadelphia County, Pennsylvania",1616,840,776,1520,722,798,2868,1129,212,87,87,2,8,0,1739,183,110,8,0,0,3208,1375,142,221,1,0,1,1833,168,181,48,0,0,4089,127,4751,98,32833,51840,44900,73800,81000,23484,33478,1934,0,0,0
42101008302,"Census Tract 83.02, Philadelphia County, Pennsylvania",1652,838,814,1770,803,967,2397,909,214,0,8,24,0,0,1488,34,91,0,10,0,3079,1456,65,68,12,8,0,1623,130,78,83,0,55,4176,29,4586,21,27260,38899,41300,78000,80500,22706,24497,2067,0,0,32
42101008400,"Census Tract 84, Philadelphia County, Pennsylvania",1775,1075,700,1665,891,774,2952,1483,234,89,50,25,0,12,1469,83,70,69,0,12,3043,1242,143,61,50,0,0,1801,49,208,157,14,12,4754,29,4864,66,30852,44464,37700,73600,98500,27313,43839,1980,0,0,12
42101008500,"Census Tract 85, Philadelphia County, Pennsylvania",2633,1204,1429,2741,1070,1671,3839,1592,336,95,188,0,45,0,2247,66,211,20,17,0,4537,1868,61,309,13,17,55,2669,171,372,165,7,0,6127,194,6272,671,34648,40204,39900,73700,118100,25547,38610,3312,0,0,0
42101009100,"Census Tract 91, Philadelphia County, Pennsylvania",1407,263,1144,1556,256,1300,1528,755,151,0,165,85,0,38,773,12,56,71,6,101,1804,827,45,183,158,28,37,977,33,220,144,20,36,2246,946,2722,703,50139,85500,86700,242400,298900,14438,25741,2010,400,58,63
42101009200,"Census Tract 92, Philadelphia County, Pennsylvania",1129,383,746,1383,479,904,1619,569,156,33,90,0,27,0,1050,39,110,38,0,11,2179,1067,47,269,156,69,21,1112,23,188,103,11,9,2701,60,3640,527,19549,34850,46000,107100,206000,19696,31860,1640,94,56,80
42101009300,"Census Tract 93, Philadelphia County, Pennsylvania",1688,869,819,1991,1258,733,2562,996,204,77,92,53,0,0,1566,150,143,67,0,12,3233,1588,121,94,64,0,0,1645,83,186,100,15,0,4242,63,4890,236,30750,35774,33700,62700,89700,26838,27339,2477,0,0,54
42101009400,"Census Tract 94, Philadelphia County, Pennsylvania",1410,491,919,1747,573,1174,2231,942,201,86,22,0,0,0,1289,121,32,64,0,0,2497,848,14,40,0,0,0,1649,143,66,50,0,0,3749,0,3926,56,22708,29036,29900,54200,67400,19917,21714,2034,0,46,9
42101009500,"Census Tract 95, Philadelphia County, Pennsylvania",1308,490,818,1462,632,830,2081,943,199,27,35,27,0,0,1138,55,92,49,0,8,1961,585,0,106,0,0,0,1376,93,122,19,0,0,3510,13,2996,68,26969,42171,33500,63400,64600,19516,28192,1660,0,0,7
42101009600,"Census Tract 96, Philadelphia County, Pennsylvania",1682,781,901,1606,897,709,2588,1040,305,11,26,20,0,0,1548,158,45,56,0,0,2537,892,8,17,0,0,0,1645,87,190,142,0,0,4367,29,4118,0,27144,43014,34100,71900,89500,25843,43140,2109,0,0,0
42101010000,"Census Tract 100, Philadelphia County, Pennsylvania",1782,1182,600,1598,954,644,2947,1281,273,74,177,45,0,11,1666,100,142,53,0,0,3047,1312,47,159,70,0,11,1735,209,307,176,0,0,5348,560,4972,268,48451,79603,61400,115700,120400,43262,52083,1917,0,7,20
42101010100,"Census Tract 101, Philadelphia County, Pennsylvania",2090,1234,856,2283,1413,870,3650,1633,421,18,151,0,0,0,2017,164,179,194,19,0,4448,1664,18,65,29,100,0,2784,32,313,22,0,84,5571,14,6332,115,52564,53252,44200,73400,95100,31092,39702,2930,0,134,29
42101010200,"Census Tract 102, Philadelphia County, Pennsylvania",1117,609,508,1321,571,750,1627,641,159,0,26,0,0,0,986,65,31,13,0,0,2261,981,7,77,168,0,0,1280,71,100,106,0,0,2710,10,3404,16,26023,45128,38100,71000,71500,17219,24851,1578,29,0,0
42101010300,"Census Tract 103, Philadelphia County, Pennsylvania",976,503,473,913,340,573,1511,473,111,35,47,0,0,0,1038,118,74,26,0,0,1641,557,44,0,0,0,0,1084,37,55,22,0,0,2428,26,2698,25,21002,41125,33200,52000,94700,21164,30405,1244,0,0,0
42101010500,"Census Tract 105, Philadelphia County, Pennsylvania",1334,391,943,1465,457,1008,1940,702,137,52,22,0,0,0,1238,57,62,100,0,0,2903,1130,72,163,31,0,0,1773,85,129,145,0,7,3349,63,4445,285,32857,43333,28000,92000,98400,19247,22175,1689,0,30,332
42101010600,"Census Tract 106, Philadelphia County, Pennsylvania",547,300,247,646,161,485,731,263,97,9,23,15,0,0,468,21,87,22,0,0,1138,470,49,39,0,0,0,668,11,29,11,0,0,1196,9,1668,101,44545,26406,25000,87800,104800,27991,14514,837,0,65,42
42101010700,"Census Tract 107, Philadelphia County, Pennsylvania",1273,461,812,1241,419,822,2091,723,202,25,48,0,0,0,1368,23,74,25,0,0,2027,727,11,51,18,0,0,1300,61,150,44,0,0,3783,87,3821,198,22316,43484,29000,63500,105900,18965,36016,1612,0,75,0
42101010800,"Census Tract 108, Philadelphia County, Pennsylvania",1314,409,905,1679,560,1119,2122,827,212,47,65,10,0,0,1295,54,24,25,0,0,2479,1060,45,119,44,46,0,1419,68,326,59,0,6,3533,95,4178,314,21442,27734,31100,72000,112200,19147,26078,2064,112,98,49
42101010900,"Census Tract 109, Philadelphia County, Pennsylvania",829,375,454,935,248,687,1153,470,132,0,14,18,0,0,683,24,33,89,0,0,1436,548,29,156,8,5,2,888,78,59,92,4,7,2482,362,2749,318,22091,29924,42500,88700,218800,21063,29656,1074,33,139,109
42101011000,"Census Tract 110, Philadelphia County, Pennsylvania",1317,569,748,1329,532,797,2349,1019,282,0,127,19,0,12,1330,123,104,15,0,0,1823,672,42,41,0,0,13,1151,84,44,7,0,0,3349,66,3346,215,35858,15417,22000,63600,70000,23506,14055,1814,0,68,0
42101011100,"Census Tract 111, Philadelphia County, Pennsylvania",1393,759,634,1246,819,427,2161,739,175,54,27,0,0,11,1422,137,56,31,0,5,2432,1016,121,93,12,0,0,1416,60,188,59,0,0,3631,20,3791,117,24792,50321,32200,52600,78300,20602,41202,1800,0,18,40
42101011200,"Census Tract 112, Philadelphia County, Pennsylvania",2119,1345,774,1897,1079,818,3455,1384,291,15,19,38,0,0,2071,101,60,48,0,0,3084,1473,25,33,0,0,4,1611,85,141,84,9,16,6203,64,5949,25,28304,33750,37800,67200,88200,25261,25565,2451,0,0,0
42101011300,"Census Tract 113, Philadelphia County, Pennsylvania",1165,888,277,1164,808,356,2080,910,181,83,97,13,0,0,1170,133,21,35,0,8,2148,910,49,198,0,0,0,1238,50,92,204,0,0,3093,7,3387,90,39076,37770,50500,88800,99200,38438,37808,1411,0,0,0
42101011400,"Census Tract 114, Philadelphia County, Pennsylvania",2903,1527,1376,3033,1553,1480,4882,2022,360,166,94,94,32,0,2860,250,171,168,0,0,4453,2267,16,310,166,20,33,2186,70,196,299,84,29,7214,61,6907,124,39375,45909,58200,99900,168200,32599,33468,3368,0,110,0
42101011500,"Census Tract 115, Philadelphia County, Pennsylvania",1670,1301,369,1583,1293,290,2702,1027,190,26,32,47,13,0,1675,337,173,125,0,0,2983,1359,162,340,113,21,13,1624,253,377,106,0,0,4560,316,4358,287,54107,71125,64000,117900,140700,50823,63719,1753,0,0,0
42101011700,"Census Tract 117, Philadelphia County, Pennsylvania",377,269,108,326,268,58,896,428,144,0,28,84,13,62,468,14,113,53,26,15,716,417,10,154,35,6,17,299,18,50,77,0,10,2788,1774,1956,838,89356,110833,114200,214000,243000,57813,77500,374,0,0,5
42101011800,"Census Tract 118, Philadelphia County, Pennsylvania",2240,1959,281,2139,1885,254,4374,1677,279,38,85,63,0,0,2697,361,451,55,52,0,4213,1794,127,152,181,30,30,2419,142,465,342,16,0,6720,89,5565,81,58864,31857,65200,122500,146200,35365,35609,2363,0,0,44
42101011900,"Census Tract 119, Philadelphia County, Pennsylvania",2118,1271,847,2015,1273,742,3533,1618,307,94,192,38,0,0,1915,197,282,144,0,10,3563,1565,1,263,75,20,0,1998,81,206,201,81,0,6413,134,5213,229,46429,67292,56700,98400,120400,39322,41345,2506,193,0,102
42101012000,"Census Tract 120, Philadelphia County, Pennsylvania",837,344,493,654,354,300,1079,468,122,62,90,90,10,8,611,52,120,182,0,16,1224,700,90,73,136,21,26,524,20,105,105,139,16,1737,498,2132,594,58958,108500,163800,222600,357000,28080,76190,728,0,0,0
42101012100,"Census Tract 121, Philadelphia County, Pennsylvania",1273,523,750,1534,433,1101,2219,683,151,39,100,91,0,0,1536,158,332,210,16,0,2503,954,22,176,202,28,29,1549,104,240,269,58,8,2984,673,3257,604,44842,47778,79600,175200,188300,37213,46315,1672,22,10,0
42101013100,"Census Tract 131, Philadelphia County, Pennsylvania",598,170,428,865,168,697,943,270,109,0,24,14,33,0,673,72,94,0,14,0,1215,544,0,258,45,0,11,671,21,149,156,8,8,1557,155,1752,563,26875,30714,70700,233300,288100,22364,27491,951,19,77,65
42101013200,"Census Tract 132, Philadelphia County, Pennsylvania",944,158,786,1287,165,1122,1870,777,315,0,26,0,8,0,1093,100,81,17,0,0,2178,957,0,268,129,85,87,1221,19,316,27,28,0,2618,164,2643,835,34213,38235,46700,219700,361600,14946,35687,1402,169,69,221
42101013300,"Census Tract 133, Philadelphia County, Pennsylvania",1227,370,857,1636,330,1306,1820,728,156,50,245,37,35,0,1092,82,257,125,52,12,2442,1245,70,493,196,159,77,1197,46,298,405,210,58,2533,913,3130,1701,65625,104931,55000,167500,423100,42031,87784,1940,191,129,198
42101013500,"Census Tract 135, Philadelphia County, Pennsylvania",1353,690,663,1522,949,573,2287,1132,141,83,239,147,25,16,1155,56,200,145,0,70,3110,1748,12,681,214,165,54,1362,27,541,374,58,53,3194,1511,4019,2880,59728,161951,86300,310900,406900,47679,107414,1707,297,113,67
42101013800,"Census Tract 138, Philadelphia County, Pennsylvania",832,471,361,778,370,408,1246,548,93,24,30,0,0,0,698,83,45,15,0,0,1299,592,24,111,109,17,0,707,61,107,89,6,26,1831,33,1645,426,26146,50993,19600,67300,145400,18063,51402,1030,79,7,3
42101013900,"Census Tract 139, Philadelphia County, Pennsylvania",1181,146,1035,743,224,519,1900,797,171,45,50,0,12,0,1103,57,97,0,0,0,1426,702,12,207,106,16,0,724,32,49,86,15,12,3474,303,1797,473,13804,45691,20900,92500,218800,12844,43792,995,78,0,233
42101014000,"Census Tract 140, Philadelphia County, Pennsylvania",1180,277,903,1564,372,1192,1591,669,186,37,114,0,0,0,922,10,105,29,0,0,2391,1380,45,424,95,19,0,1011,57,332,157,46,0,2842,311,3869,1276,24330,52188,28500,150700,250000,22656,55595,1797,397,200,162
42101014100,"Census Tract 141, Philadelphia County, Pennsylvania",851,156,695,1180,290,890,1481,737,262,0,42,23,0,8,744,35,56,27,0,0,1872,854,23,117,100,0,0,1018,61,146,54,0,23,2279,268,2674,433,31500,54079,68600,111800,226000,14583,21917,1227,127,57,166
42101014300,"Census Tract 143, Philadelphia County, Pennsylvania",657,373,284,890,478,412,1037,554,101,56,188,29,10,6,483,46,113,39,7,0,1789,969,72,417,109,46,37,820,27,327,191,40,36,1258,1079,2021,1627,68068,117946,54800,178500,311600,54438,99020,957,223,21,47
42101014400,"Census Tract 144, Philadelphia County, Pennsylvania",1133,625,508,2063,1063,1000,1737,932,203,49,177,26,0,14,805,0,143,37,0,23,3696,2206,72,906,175,132,130,1490,58,636,244,80,10,2587,1152,4648,2582,27277,110169,36300,107100,329000,26034,109583,2295,574,86,147
42101014500,"Census Tract 145, Philadelphia County, Pennsylvania",685,161,524,731,227,504,826,259,84,20,0,0,0,0,567,0,20,0,0,0,1204,564,37,56,11,0,12,640,49,55,49,0,0,1739,206,1962,107,21548,40701,38600,86200,159400,15485,28173,806,21,14,272
42101014600,"Census Tract 146, Philadelphia County, Pennsylvania",998,499,499,1048,453,595,1362,461,115,0,53,13,5,0,901,3,94,52,6,0,1522,646,31,89,20,10,0,876,73,63,70,0,0,2748,517,4208,1263,37838,59286,63100,108800,199400,19623,39167,1162,154,59,29
42101014800,"Census Tract 148, Philadelphia County, Pennsylvania",260,54,206,364,44,320,400,207,102,26,0,0,0,0,193,9,0,0,0,0,500,226,0,31,0,0,0,274,19,0,7,18,0,500,64,722,19,48333,23125,12700,67200,164300,9904,14573,528,29,33,110
42101015200,"Census Tract 152, Philadelphia County, Pennsylvania",1997,558,1439,2029,635,1394,2951,1063,239,41,23,0,0,0,1888,114,28,0,0,0,3223,1409,0,116,0,0,25,1814,80,195,22,0,0,6572,265,5738,300,18897,55462,21000,57600,77300,14741,29289,2412,0,0,103
42101015300,"Census Tract 153, Philadelphia County, Pennsylvania",1174,453,721,1031,273,758,1621,831,220,0,143,59,12,0,790,96,90,0,0,0,1146,570,0,35,61,0,5,576,28,26,25,0,0,3703,1351,3913,1696,19138,51859,23500,85600,226100,10848,23393,1639,43,179,103
42101015600,"Census Tract 156, Philadelphia County, Pennsylvania",525,234,291,464,185,279,933,421,149,13,0,0,0,0,512,0,0,12,0,0,1014,555,21,66,54,12,0,459,9,70,22,0,6,1657,238,1561,242,26750,38977,26700,85000,193400,15885,34773,594,24,17,0
42101015700,"Census Tract 157, Philadelphia County, Pennsylvania",981,510,471,1108,695,413,1450,790,123,29,132,0,0,0,660,33,30,24,0,0,1790,895,38,255,22,76,0,895,0,285,125,61,0,3118,1210,2556,1394,32241,63438,26600,89700,237800,24966,63750,1326,255,8,67
42101015800,"Census Tract 158, Philadelphia County, Pennsylvania",2309,1645,664,3076,1933,1143,4064,1876,375,58,551,180,13,12,2188,107,400,99,73,17,5702,2701,29,1078,410,66,25,3001,57,832,827,98,77,5274,4845,7308,6060,57318,119755,53800,168100,308800,53967,95450,3148,127,228,74
42101016100,"Census Tract 161, Philadelphia County, Pennsylvania",1673,888,785,2465,1228,1237,2979,1285,247,50,130,67,10,0,1694,85,117,75,32,6,4724,2575,153,901,243,89,65,2149,14,591,404,45,25,4911,1789,6255,3420,27619,85743,22500,83300,265900,21384,77979,2753,413,94,15
42101016200,"Census Tract 162, Philadelphia County, Pennsylvania",764,170,594,744,359,385,1059,569,164,0,23,17,0,0,490,0,15,9,0,23,1490,794,21,275,23,0,0,696,39,41,13,31,0,1880,96,2315,89,20327,47500,21600,84200,200600,12449,32059,862,0,8,0
42101016400,"Census Tract 164, Philadelphia County, Pennsylvania",1487,492,995,1653,474,1179,2382,872,209,0,57,0,0,0,1510,42,15,24,0,0,3020,1493,11,102,0,35,0,1527,84,1,0,0,0,4226,87,4410,155,19088,35625,24600,46300,65500,12365,18814,1905,185,16,5
42101016800,"Census Tract 168, Philadelphia County, Pennsylvania",1399,906,493,1631,766,865,2619,1030,207,11,19,0,0,0,1589,48,195,55,0,0,2162,850,13,0,0,0,0,1312,142,71,53,0,0,4397,185,2871,19,34375,33803,30600,47600,61300,30830,12960,1945,0,0,95
42101016901,"Census Tract 169.01, Philadelphia County, Pennsylvania",1335,816,519,1084,559,525,2216,866,202,13,0,0,0,14,1350,13,68,22,0,0,2737,1155,0,150,5,0,0,1582,85,72,24,0,0,3421,47,3540,9,24432,50838,28100,44200,61900,19491,30403,1511,0,8,0
42101016902,"Census Tract 169.02, Philadelphia County, Pennsylvania",2218,1155,1063,1729,861,868,3430,1470,270,19,86,0,0,0,1960,139,98,31,0,0,2410,906,32,57,0,0,0,1504,16,90,84,0,0,5337,33,2847,32,30143,20707,20200,39000,53400,22593,19616,2412,0,59,0
42101017000,"Census Tract 170, Philadelphia County, Pennsylvania",1116,367,749,1380,271,1109,1727,646,186,59,31,16,0,0,1081,50,71,9,11,0,2440,1004,18,126,124,47,27,1436,37,276,231,61,32,2842,481,3217,589,26229,74954,34100,61100,101200,21869,39643,1563,0,85,504
42101017100,"Census Tract 171, Philadelphia County, Pennsylvania",1749,1151,598,1546,918,628,2952,1124,264,11,48,0,0,0,1828,15,77,0,37,11,2657,1192,179,53,11,0,0,1465,81,117,45,0,0,4820,166,3240,41,28945,51327,31900,49100,51100,18250,26025,1883,0,0,0
42101017300,"Census Tract 173, Philadelphia County, Pennsylvania",1186,745,441,1145,493,652,2154,863,202,53,60,0,0,0,1291,90,32,0,19,0,1522,774,99,175,46,0,0,748,0,19,33,0,0,3087,13,2547,75,37422,36563,21500,51000,65000,21016,20951,1298,127,105,25
42101017400,"Census Tract 174, Philadelphia County, Pennsylvania",645,410,235,914,444,470,1234,552,176,0,25,0,0,0,682,33,81,0,0,0,1767,752,58,77,0,0,0,1015,26,16,13,0,0,1901,11,2570,37,22460,29214,16400,60400,83800,17535,28149,1057,20,0,39
42101017500,"Census Tract 175, Philadelphia County, Pennsylvania",2401,1218,1183,2544,1263,1281,3934,1381,416,96,43,0,0,48,2553,53,70,0,0,0,4867,1741,35,27,0,0,28,3126,133,46,0,0,0,6950,48,6928,137,14443,26464,17500,33800,46500,13601,25334,2866,0,42,57
42101017601,"Census Tract 176.01, Philadelphia County, Pennsylvania",1948,873,1075,1734,812,922,2731,1059,201,0,0,0,0,0,1672,25,52,0,0,0,2827,1218,30,55,15,0,0,1609,146,55,0,0,0,5321,195,4584,161,15752,18980,15300,40900,47900,10754,19125,1997,0,62,0
42101017602,"Census Tract 176.02, Philadelphia County, Pennsylvania",1136,537,599,1239,506,733,2535,1479,735,0,146,24,0,0,1056,0,70,0,0,0,2299,925,73,10,0,0,0,1374,15,22,0,0,0,4513,433,4220,259,21071,24583,19200,42300,51900,21118,23516,1355,0,0,0
42101017800,"Census Tract 178, Philadelphia County, Pennsylvania",1917,913,1004,2360,1078,1282,3609,1843,403,0,53,13,0,0,1766,74,15,50,0,12,3942,1978,100,289,0,0,0,1964,0,211,180,0,0,6692,1030,6408,1496,22073,27465,26200,53700,64600,20824,27619,2795,0,52,25
42101017900,"Census Tract 179, Philadelphia County, Pennsylvania",1817,891,926,2318,1266,1052,2938,1291,252,53,9,0,0,16,1647,77,203,8,23,0,3764,1556,104,62,49,0,37,2208,313,80,397,0,0,5417,2312,6111,1855,30760,33328,35800,74800,86100,23875,39672,2646,0,0,0
42101018300,"Census Tract 183, Philadelphia County, Pennsylvania",1605,1358,247,1530,1365,165,2945,1376,161,115,145,34,0,0,1569,83,186,38,0,0,3075,1544,50,103,180,0,1,1531,136,121,74,23,0,4321,3943,4092,3979,46136,81895,59500,136300,169000,41479,70476,1699,0,8,88
42101018400,"Census Tract 184, Philadelphia County, Pennsylvania",788,665,123,858,701,157,1429,702,117,9,135,15,0,0,727,48,114,54,39,0,1547,649,17,56,44,18,1,898,94,81,49,37,0,2060,1966,2377,2209,46960,57875,55600,122000,161300,46636,57365,910,0,0,28
42101019000,"Census Tract 190, Philadelphia County, Pennsylvania",2443,1387,1056,2333,1420,913,4811,2417,654,77,138,0,0,0,2394,101,25,0,0,0,4213,1879,80,83,5,2,0,2334,291,197,37,10,0,9022,1587,7913,815,32722,37274,46000,99200,96000,29140,36368,2465,0,0,33
42101019100,"Census Tract 191, Philadelphia County, Pennsylvania",2559,2123,436,2706,2099,607,4555,2050,296,72,142,22,9,15,2505,263,189,42,0,11,5047,2549,110,159,39,165,0,2498,242,423,99,0,0,7444,1502,8167,1138,33750,57570,50800,94200,107000,25673,45104,2789,0,17,0
42101019200,"Census Tract 192, Philadelphia County, Pennsylvania",2434,1378,1056,2512,1163,1349,4161,1725,390,222,36,0,16,0,2436,62,12,0,0,0,4206,1665,48,45,0,21,0,2541,380,13,19,0,0,8535,999,8652,813,15000,28030,32600,55100,64700,18780,19205,2926,0,0,57
42101019800,"Census Tract 198, Philadelphia County, Pennsylvania",1788,1110,678,2015,1153,862,3281,1445,185,20,85,0,12,0,1836,81,84,0,9,0,3856,1689,54,107,0,0,0,2167,161,86,69,0,0,5534,81,6631,212,22443,32266,26400,49900,67700,21408,30958,2329,0,11,35
42101019900,"Census Tract 199, Philadelphia County, Pennsylvania",1424,796,628,1601,480,1121,2576,1265,308,38,0,0,0,0,1311,60,40,10,0,16,2829,1305,57,0,24,0,0,1524,114,94,18,0,0,4668,274,4811,71,19853,21587,21000,43100,65800,18250,20597,1867,0,0,41
42101020000,"Census Tract 200, Philadelphia County, Pennsylvania",546,212,334,696,139,557,810,319,142,31,17,0,0,12,491,0,46,0,11,0,923,260,0,0,0,0,0,663,0,48,0,10,0,1101,109,1420,106,40174,35329,37500,55000,66000,30577,9276,898,0,0,28
42101020200,"Census Tract 202, Philadelphia County, Pennsylvania",1999,1079,920,2518,1237,1281,3214,1444,291,75,37,0,0,0,1770,72,76,51,0,0,3582,1863,0,205,0,0,0,1719,32,159,0,65,0,5135,9,4529,117,34089,37603,30100,61300,78700,21080,23138,3037,0,0,116
42101020300,"Census Tract 203, Philadelphia County, Pennsylvania",1032,611,421,1094,594,500,2034,902,214,11,40,0,10,0,1132,55,41,0,0,0,2125,991,43,40,0,23,0,1134,179,47,22,0,0,3039,47,3207,61,29576,42069,30200,56500,65400,26250,30474,1343,0,0,0
42101020400,"Census Tract 204, Philadelphia County, Pennsylvania",1203,681,522,1140,740,400,1857,919,170,44,57,0,24,0,938,25,69,10,14,0,2296,1178,0,33,0,51,0,1118,0,48,28,16,0,3062,15,3127,87,36943,30871,28000,49400,69600,31782,30262,1352,0,0,51
42101020500,"Census Tract 205, Philadelphia County, Pennsylvania",1166,458,708,1275,517,758,1848,770,207,5,0,28,10,0,1078,79,33,12,0,0,1780,883,74,0,8,51,3,897,13,25,48,0,0,2906,28,2210,46,28973,46349,33000,54400,57100,20703,17392,1438,0,129,0
42101020600,"Census Tract 206, Philadelphia County, Pennsylvania",829,290,539,850,255,595,1164,558,136,0,155,94,75,63,606,13,211,142,31,0,1246,563,7,92,171,30,24,683,20,231,165,34,11,2280,1332,1770,1077,104479,104808,192100,323100,472200,29904,57083,983,0,0,0
42101020800,"Census Tract 208, Philadelphia County, Pennsylvania",1157,336,821,1283,490,793,1394,640,212,39,222,76,40,63,754,48,233,79,105,4,1810,748,10,229,193,141,29,1062,30,360,367,58,73,1894,863,2432,1230,48259,103125,66900,163700,158200,34917,83021,1473,0,0,0
42101020900,"Census Tract 209, Philadelphia County, Pennsylvania",1264,724,540,1345,599,746,2197,1087,171,33,171,90,10,44,1110,83,320,114,27,14,2417,1491,86,730,213,28,16,926,10,264,236,82,31,2933,2472,3058,2415,71979,90063,80100,229900,277200,61667,73068,1418,13,0,83
42101021000,"Census Tract 210, Philadelphia County, Pennsylvania",1971,1272,699,2385,1121,1264,3035,1392,305,82,441,131,76,0,1643,99,235,285,37,51,4171,2158,103,685,228,59,2,2013,121,810,159,29,41,4334,3774,5401,4163,70865,79292,78200,214800,235800,53295,75784,2530,107,16,146
42101021100,"Census Tract 211, Philadelphia County, Pennsylvania",1115,717,398,1178,763,415,1955,932,181,41,221,55,0,25,1023,128,209,74,44,0,1793,841,25,353,126,38,48,952,37,358,188,25,54,2378,2190,2419,1758,75200,94286,87600,227600,251000,59531,66453,1205,50,0,41
42101021200,"Census Tract 212, Philadelphia County, Pennsylvania",931,555,376,1181,704,477,1598,844,161,7,194,54,12,24,754,37,154,77,23,19,2005,945,63,294,137,27,29,1060,9,408,241,28,44,2114,1832,2683,1985,93750,118491,85600,218500,241300,46083,90325,1235,11,44,9
42101021300,"Census Tract 213, Philadelphia County, Pennsylvania",1299,844,455,1499,832,667,2064,1018,146,63,150,45,56,11,1046,120,185,100,63,27,2770,1563,55,615,266,71,67,1207,88,260,215,45,53,2813,2516,3319,2695,62639,111250,80500,230800,225400,54125,74688,1622,0,25,25
42101021400,"Census Tract 214, Philadelphia County, Pennsylvania",1474,584,890,1768,582,1186,2036,891,179,47,223,53,36,13,1145,35,323,190,69,12,2936,1797,43,948,189,96,92,1139,54,523,205,11,85,2916,2665,3779,3045,67647,131667,75700,216600,253700,54868,76214,2034,41,29,19
42101021500,"Census Tract 215, Philadelphia County, Pennsylvania",1497,1010,487,1845,1049,796,2398,1124,173,22,341,53,68,0,1274,54,383,165,81,14,3079,1528,39,597,161,134,19,1551,61,720,318,65,9,3234,2809,3903,3079,64444,97321,80800,213400,246300,58375,81989,1943,57,28,203
42101021600,"Census Tract 216, Philadelphia County, Pennsylvania",660,360,300,1160,422,738,979,529,120,13,48,37,57,0,450,53,86,32,0,0,2019,1024,32,263,125,23,29,995,26,211,184,49,33,1227,1060,2394,1579,64000,96118,121100,262500,281100,29884,78438,1207,112,100,226
42101021700,"Census Tract 217, Philadelphia County, Pennsylvania",2275,1879,396,2551,2030,521,4216,1974,219,171,315,137,77,37,2242,170,522,155,106,10,4776,1945,143,378,179,106,0,2831,420,722,359,147,0,5663,4755,5943,4016,94803,98783,107600,233400,262400,68407,84550,2601,143,16,72
42101021800,"Census Tract 218, Philadelphia County, Pennsylvania",1974,501,1473,2390,633,1757,2765,1263,230,62,263,227,142,61,1502,57,435,225,100,38,3585,1639,79,557,125,58,44,1946,174,735,364,34,62,3948,3115,5032,3141,66350,64700,123300,272500,272100,47483,66039,2512,0,0,6
42101021900,"Census Tract 219, Philadelphia County, Pennsylvania",761,509,252,616,550,66,1126,559,108,88,77,92,10,11,567,62,70,125,31,0,1075,417,0,133,48,12,7,658,86,78,168,7,23,1400,1300,1445,1334,86818,97500,119200,199100,237700,57639,61489,699,41,49,11
42101022000,"Census Tract 220, Philadelphia County, Pennsylvania",663,402,261,711,449,262,1121,502,135,19,118,50,56,21,619,20,101,245,33,50,1328,565,21,160,110,29,5,763,45,206,180,43,11,1436,1122,1474,1160,112679,153832,143300,331400,321500,76964,103750,782,0,0,80
42101023100,"Census Tract 231, Philadelphia County, Pennsylvania",498,334,164,525,339,186,804,327,68,0,96,91,66,54,477,0,207,97,84,35,933,437,0,157,75,77,50,496,11,133,99,79,37,1090,975,1286,1190,215179,140547,253000,390600,591100,106618,123682,574,5,0,11
42101023500,"Census Tract 235, Philadelphia County, Pennsylvania",554,320,234,587,379,208,816,351,91,8,114,61,16,9,465,0,75,138,57,8,1019,457,0,132,33,89,14,562,16,147,174,24,5,1022,631,1358,858,92778,100750,172300,244000,488800,53333,74766,618,30,0,0
42101023600,"Census Tract 236, Philadelphia County, Pennsylvania",1043,669,374,1073,683,390,2317,1032,199,14,193,98,218,55,1285,47,212,310,163,119,1868,796,13,140,93,232,74,1072,13,225,376,171,55,3039,1562,2344,1345,110750,195250,164200,405100,453000,86797,105054,1243,45,11,177
42101023700,"Census Tract 237, Philadelphia County, Pennsylvania",2070,842,1228,2018,957,1061,3195,1497,296,0,319,198,74,16,1698,54,448,513,40,38,3539,1689,41,531,242,75,69,1850,51,434,555,207,0,4325,1546,4669,1638,74183,105417,96600,296800,301900,38261,81104,2319,59,0,31
42101023800,"Census Tract 238, Philadelphia County, Pennsylvania",1985,761,1224,1828,830,998,3424,1326,310,37,176,60,123,29,2098,178,617,203,30,51,3601,1841,123,362,275,25,35,1760,236,362,182,83,14,4830,1429,4744,892,56097,90481,74800,193300,214200,36648,80470,2228,0,0,16
42101023900,"Census Tract 239, Philadelphia County, Pennsylvania",1109,132,977,1029,155,874,1162,495,143,50,138,37,0,33,667,0,77,64,22,26,1183,473,0,176,57,0,0,710,0,110,128,32,25,1678,321,1594,391,35045,51914,80000,229000,186300,30703,29554,1228,35,24,54
42101024000,"Census Tract 240, Philadelphia County, Pennsylvania",1847,547,1300,1801,637,1164,2505,1279,308,210,139,95,23,61,1226,82,214,181,33,97,2638,1177,168,177,168,89,8,1461,65,261,445,49,0,3556,1497,3667,1295,62500,87115,73800,177800,238900,30717,54266,2011,41,8,62
42101024200,"Census Tract 242, Philadelphia County, Pennsylvania",1460,697,763,1871,667,1204,2376,1010,193,0,110,31,13,26,1366,17,185,54,23,10,2781,1170,115,315,51,11,0,1611,194,275,181,0,0,3957,473,4077,493,31518,55758,57600,132300,153200,27250,24390,2050,0,8,0
42101024300,"Census Tract 243, Philadelphia County, Pennsylvania",1687,780,907,1624,809,815,2744,1407,332,107,173,26,21,0,1337,36,304,82,9,10,2734,987,167,259,59,26,37,1747,173,304,220,38,13,4388,452,4020,447,44000,51346,64200,124000,144800,36494,38333,1883,63,10,0
42101024400,"Census Tract 244, Philadelphia County, Pennsylvania",1057,712,345,922,519,403,2295,1024,301,89,29,34,0,54,1271,121,137,8,0,0,2000,919,86,347,67,16,0,1081,43,232,57,51,0,3627,252,3453,320,43269,35859,50800,105400,171200,34023,36762,1162,0,0,0
42101024500,"Census Tract 245, Philadelphia County, Pennsylvania",1428,638,790,1541,563,978,2278,881,252,36,27,0,0,9,1397,81,102,28,0,0,2371,811,40,116,0,0,10,1560,22,316,60,0,0,3552,151,4344,161,36979,35455,38200,74100,84500,23269,19603,1747,7,0,99
42101024600,"Census Tract 246, Philadelphia County, Pennsylvania",1103,284,819,1180,477,703,1377,514,161,36,47,15,0,0,863,105,80,24,0,0,1801,601,15,99,0,0,0,1200,0,69,145,13,0,2601,113,2722,236,20417,33359,43100,89100,155100,18216,26447,1472,23,0,21
42101024700,"Census Tract 247, Philadelphia County, Pennsylvania",1427,887,540,1482,706,776,2816,1068,413,55,163,143,15,68,1748,117,97,100,0,0,2400,958,59,83,65,8,33,1442,296,140,138,0,67,4124,612,3798,212,33807,52610,45200,86200,104800,25513,31724,1830,0,0,0
42101024800,"Census Tract 248, Philadelphia County, Pennsylvania",744,496,248,769,607,162,1287,576,128,8,0,22,0,8,711,0,64,45,0,0,1447,590,80,55,15,0,0,857,155,120,26,0,0,2172,70,2360,79,37639,49390,45500,84700,120400,32378,44083,854,0,0,0
42101024900,"Census Tract 249, Philadelphia County, Pennsylvania",1041,692,349,1086,757,329,1887,772,217,10,52,41,0,0,1115,107,95,20,35,0,1658,593,37,60,14,0,0,1065,100,90,11,0,0,3393,0,2529,45,29695,33939,40400,82000,91700,29432,24605,1273,0,0,0
42101025200,"Census Tract 252, Philadelphia County, Pennsylvania",2534,1424,1110,3138,1262,1876,5378,2131,410,106,294,49,68,13,3247,172,475,100,0,7,5290,2248,307,183,60,24,0,3042,158,555,204,36,6,7670,753,8502,321,44181,42469,54400,94600,116400,37465,29167,3457,0,0,20
42101025300,"Census Tract 253, Philadelphia County, Pennsylvania",1372,864,508,1964,1234,730,2140,872,179,0,63,0,0,0,1268,122,49,70,0,10,3359,1352,147,69,100,22,0,2007,205,241,346,9,8,3333,132,4968,552,42718,39098,52100,84400,144200,30900,45730,2176,28,0,33
42101025400,"Census Tract 254, Philadelphia County, Pennsylvania",1625,1199,426,1882,1333,549,2794,1167,190,94,214,116,29,60,1627,174,234,319,37,38,3102,1438,90,361,159,12,12,1664,116,312,312,42,55,3797,348,4410,360,85213,92222,92800,197700,230400,55972,58952,2049,0,0,0
42101025500,"Census Tract 255, Philadelphia County, Pennsylvania",1029,803,226,1152,839,313,1771,778,125,72,151,92,95,30,993,68,225,213,49,20,2077,883,9,206,137,85,66,1194,81,376,351,75,60,2367,696,2775,1034,90278,91033,109300,239500,324600,58875,66786,1224,42,0,0
42101025600,"Census Tract 256, Philadelphia County, Pennsylvania",1034,743,291,1141,768,373,1911,803,147,36,270,145,53,34,1108,56,392,279,83,67,2178,977,71,161,139,58,68,1201,84,221,285,63,71,2484,1244,2817,1146,92841,140625,137200,280700,354900,70640,86434,1208,0,0,0
42101025700,"Census Tract 257, Philadelphia County, Pennsylvania",1634,484,1150,2047,556,1491,2400,1220,163,47,470,178,85,20,1180,107,268,297,100,102,3027,1197,75,305,228,41,89,1830,196,422,567,106,58,3144,1927,3997,1904,89464,79821,136900,337100,364300,65077,56198,2106,17,0,39
42101025800,"Census Tract 258, Philadelphia County, Pennsylvania",747,603,144,894,738,156,1298,568,152,47,120,33,0,0,730,81,94,54,0,0,1394,714,20,27,54,19,4,680,123,101,82,5,33,1543,29,1789,92,78523,73625,90600,154100,242900,48098,41250,944,0,0,0
42101025900,"Census Tract 259, Philadelphia County, Pennsylvania",1978,1493,485,1928,1477,451,3034,1308,252,71,109,51,0,0,1726,210,212,93,0,0,2947,1250,49,190,73,0,0,1697,277,265,94,88,0,4100,144,4400,58,51840,74038,72700,123200,166300,44719,47184,2047,0,0,177
42101026000,"Census Tract 260, Philadelphia County, Pennsylvania",1105,979,126,1295,957,338,2005,868,154,38,91,45,39,0,1137,44,124,120,30,0,2522,977,40,112,129,17,0,1545,158,360,201,0,0,2797,66,3206,81,56128,65409,75500,139500,162600,44659,56601,1295,0,0,0
42101026100,"Census Tract 261, Philadelphia County, Pennsylvania",1400,1076,324,1274,873,401,2243,877,162,46,148,32,9,0,1366,86,254,174,35,13,2221,1010,27,106,37,0,0,1211,112,176,129,64,39,2894,45,3263,84,75789,59310,100100,199100,222900,54533,45379,1436,0,0,0
42101026200,"Census Tract 262, Philadelphia County, Pennsylvania",1778,1406,372,1559,1242,317,3029,1174,197,71,102,71,0,8,1855,112,196,118,78,9,3062,1352,189,183,0,55,0,1710,138,242,228,58,0,4234,78,3792,109,62740,66172,76400,131700,166300,43235,51498,1762,0,11,0
42101026301,"Census Tract 263.01, Philadelphia County, Pennsylvania",1574,1303,271,1502,1206,296,2867,1163,202,31,61,13,0,0,1704,203,175,64,0,11,2635,1145,75,188,50,8,78,1490,157,149,187,11,8,4064,63,3772,73,58750,64643,69500,111300,167000,47471,46804,1629,0,0,0
42101026302,"Census Tract 263.02, Philadelphia County, Pennsylvania",1828,1458,370,1870,1402,468,3284,1400,248,27,107,49,46,0,1884,187,135,193,29,38,3615,1733,108,218,149,12,0,1882,139,345,265,31,0,4905,230,4629,150,56250,53155,65300,109700,151000,42684,53175,2150,0,0,18
42101026400,"Census Tract 264, Philadelphia County, Pennsylvania",2069,1540,529,2183,1512,671,3741,1530,279,98,172,48,0,25,2211,174,149,78,0,58,4384,2063,138,191,12,79,0,2321,359,318,228,0,0,5182,164,5728,60,53207,66679,66800,120000,165500,34316,58798,2408,0,0,0
42101026500,"Census Tract 265, Philadelphia County, Pennsylvania",1657,1196,461,1561,1036,525,2793,1144,253,59,6,34,0,18,1649,61,86,30,40,17,3001,1284,20,116,0,0,0,1717,152,89,191,0,0,4172,97,5217,123,46596,63312,56400,96500,125800,36942,47740,1734,0,0,0
42101026600,"Census Tract 266, Philadelphia County, Pennsylvania",2416,2073,343,2449,1924,525,4551,1917,440,0,68,106,19,0,2634,222,311,70,0,29,4708,2355,250,256,75,0,31,2353,139,324,72,0,25,6401,153,6645,31,51379,54330,63000,96600,137400,43234,46286,2793,18,0,0
42101026700,"Census Tract 267, Philadelphia County, Pennsylvania",2698,2144,554,2440,1609,831,4666,1907,328,27,95,27,15,19,2759,36,167,76,0,0,4655,2165,201,336,45,0,36,2490,230,259,16,0,0,7007,153,7298,2,52516,54538,55600,89900,120700,37654,44597,2765,0,0,0
42101026800,"Census Tract 268, Philadelphia County, Pennsylvania",1912,657,1255,1894,562,1332,3008,1290,196,70,227,0,9,11,1718,132,194,32,7,23,3432,1393,64,154,68,8,28,2039,154,389,162,0,15,4115,106,4408,355,41054,53828,82100,155800,182000,33669,41941,2169,0,0,136
42101026900,"Census Tract 269, Philadelphia County, Pennsylvania",728,389,339,693,430,263,1630,841,119,32,165,32,0,11,789,9,108,67,13,8,1780,887,55,167,39,17,14,893,72,213,56,7,13,2009,513,2268,398,63750,97679,120800,210800,220800,41337,65850,766,0,0,0
42101027000,"Census Tract 270, Philadelphia County, Pennsylvania",878,522,356,905,569,336,1701,861,203,48,64,89,15,12,840,123,119,10,0,0,1705,841,68,225,64,21,3,864,108,235,100,21,8,2633,501,2668,231,72352,85660,116500,222600,264800,59821,75990,976,0,0,39
42101027100,"Census Tract 271, Philadelphia County, Pennsylvania",944,704,240,968,727,241,1511,654,114,30,99,12,0,0,857,118,71,26,0,0,2085,1021,81,179,31,0,70,1064,130,131,49,0,7,2446,390,2786,195,49038,50402,70500,124400,139800,48173,51881,1001,0,0,0
42101027200,"Census Tract 272, Philadelphia County, Pennsylvania",1867,1135,732,1836,1256,580,3121,1217,224,135,115,69,24,9,1904,128,226,135,25,25,3417,1343,127,325,105,0,23,2074,281,394,184,0,25,4752,505,4746,223,55747,71192,74800,143800,152700,45900,55610,1930,0,0,0
42101027300,"Census Tract 273, Philadelphia County, Pennsylvania",2115,1707,408,2288,1482,806,3835,1852,219,108,159,95,119,0,1983,190,297,76,0,0,4379,2486,142,187,20,50,11,1893,94,202,41,0,26,6470,583,5598,286,46118,44328,55400,105700,107900,40767,43132,2367,0,0,24
42101027500,"Census Tract 275, Philadelphia County, Pennsylvania",1560,1057,503,1651,1253,398,2614,1113,223,69,195,10,0,14,1501,174,171,66,10,0,3294,1675,15,294,21,0,0,1619,350,179,141,0,6,4558,375,4801,231,47531,63991,59700,106700,102100,39032,52699,1747,0,0,0
42101027600,"Census Tract 276, Philadelphia County, Pennsylvania",1623,754,869,1671,818,853,2513,1005,166,96,103,38,10,0,1508,40,201,45,8,24,2982,1226,66,76,52,27,0,1756,209,144,202,30,10,3904,78,4347,23,38083,56414,57900,99200,115900,30078,39727,1904,0,0,41
42101027700,"Census Tract 277, Philadelphia County, Pennsylvania",1809,986,823,2195,1457,738,2969,1146,259,16,14,30,0,0,1823,68,155,73,0,0,3914,1523,6,47,26,0,0,2391,72,304,58,0,0,3882,194,4935,76,43542,48579,45800,81000,91800,22757,30123,2592,0,0,0
42101027800,"Census Tract 278, Philadelphia County, Pennsylvania",2076,1005,1071,1752,870,882,3221,1471,329,77,129,19,0,0,1750,52,284,50,0,0,2818,1130,17,75,57,0,8,1688,69,122,81,0,0,4357,0,4473,89,30889,51784,58000,92300,130100,30625,43352,2093,0,0,49
42101028000,"Census Tract 280, Philadelphia County, Pennsylvania",1737,1096,641,1591,1058,533,3014,1141,270,53,0,0,0,0,1873,81,45,0,0,0,2806,1212,57,65,19,0,1,1594,96,179,71,2,0,4765,79,4132,56,29657,43432,35600,68300,75000,25476,31611,1852,38,0,0
42101028100,"Census Tract 281, Philadelphia County, Pennsylvania",1397,1043,354,1795,1283,512,2364,952,219,36,0,0,29,0,1412,47,69,46,5,0,3345,1331,77,67,28,0,0,2014,191,273,225,0,0,3618,41,4738,293,39132,57317,49000,80700,108000,33699,52995,1846,0,0,55
42101028200,"Census Tract 282, Philadelphia County, Pennsylvania",1918,925,993,2044,874,1170,3067,1486,249,142,96,42,0,0,1581,174,217,34,12,0,3142,1188,77,56,116,0,22,1954,120,560,53,0,0,5073,140,4484,130,40541,45521,51000,88300,94200,33227,30395,2260,0,82,45
42101028300,"Census Tract 283, Philadelphia County, Pennsylvania",2179,1142,1037,2310,986,1324,3900,1688,341,68,109,59,15,0,2212,167,70,33,0,17,4058,1723,201,82,54,27,5,2335,0,77,147,0,0,6562,372,7386,89,26488,25597,42600,79100,79500,25959,26944,2744,0,89,82
42101028500,"Census Tract 285, Philadelphia County, Pennsylvania",802,446,356,1176,695,481,1487,603,145,14,53,2,0,0,884,29,68,11,0,0,1961,706,153,40,11,0,0,1255,17,0,21,0,0,2689,22,2877,45,37039,33594,44500,89200,108000,29115,55588,1241,0,0,0
42101028600,"Census Tract 286, Philadelphia County, Pennsylvania",2258,1201,1057,2353,1190,1163,3634,1767,308,12,50,79,0,0,1867,126,107,44,0,0,4295,1723,54,81,25,70,0,2572,107,71,37,0,0,7213,442,6515,129,30089,32659,44300,82300,94600,22902,29355,2469,0,36,0
42101028700,"Census Tract 287, Philadelphia County, Pennsylvania",751,374,377,779,315,464,1321,550,134,18,18,3,0,0,771,47,35,50,0,0,1223,550,11,10,0,0,0,673,0,18,9,0,0,2633,116,2784,74,26280,19811,40400,63800,79900,25019,19819,855,0,13,0
42101028800,"Census Tract 288, Philadelphia County, Pennsylvania",1382,736,646,1651,1154,497,2291,985,174,18,30,16,0,0,1306,47,43,28,0,0,3235,1434,44,20,58,0,0,1801,50,92,196,0,0,4469,497,5001,584,27865,27442,38800,72300,86800,23322,36360,1743,0,0,11
42101029000,"Census Tract 290, Philadelphia County, Pennsylvania",1910,1064,846,2036,1190,846,3631,1695,269,45,107,21,0,15,1936,141,142,19,47,0,4257,1918,37,426,2,0,0,2339,199,297,56,0,0,5948,752,8010,389,36761,34794,57400,96500,120300,26750,34391,2095,0,0,58
42101029100,"Census Tract 291, Philadelphia County, Pennsylvania",1504,718,786,2304,507,1797,2477,1138,209,33,185,13,0,0,1339,68,57,13,0,0,3520,1217,14,201,26,0,0,2303,29,222,34,0,0,4058,511,4824,199,27313,16901,55500,89500,111900,25026,16862,2395,0,0,0
42101029200,"Census Tract 292, Philadelphia County, Pennsylvania",1287,851,436,1322,1011,311,2271,985,199,93,149,10,70,0,1286,32,188,72,85,9,2766,1181,52,176,70,0,0,1585,217,151,24,0,17,3584,574,4881,584,36842,75391,56400,120700,114700,30264,58306,1471,0,0,0
42101029300,"Census Tract 293, Philadelphia County, Pennsylvania",948,418,530,1124,533,591,1554,697,174,13,49,0,0,0,857,63,99,0,0,0,1971,1069,7,10,186,0,1,902,67,167,18,0,0,2740,749,3048,1155,26154,50339,39600,81400,34500,21444,39946,1263,0,0,0
42101029400,"Census Tract 294, Philadelphia County, Pennsylvania",1089,717,372,1154,535,619,1983,1114,210,67,11,18,0,0,869,30,0,0,0,0,1930,938,0,24,12,0,0,992,49,0,0,0,0,3465,673,3811,321,24263,20638,28800,47400,69000,23686,21024,1329,0,0,0
42101029800,"Census Tract 298, Philadelphia County, Pennsylvania",1707,834,873,1881,1018,863,2828,1330,188,108,99,41,0,0,1498,107,142,6,0,0,3266,1233,56,86,14,0,0,2033,188,94,52,7,24,4515,2003,5303,795,37771,41062,44000,88000,95200,30639,34386,2047,0,0,0
42101029900,"Census Tract 299, Philadelphia County, Pennsylvania",1623,753,870,1374,576,798,2392,947,179,47,137,22,0,43,1445,20,175,31,0,0,2585,1206,90,13,0,0,27,1379,132,72,3,0,0,4715,817,4531,554,24517,34702,36900,68500,80400,24926,25556,1620,0,0,0
42101030000,"Census Tract 300, Philadelphia County, Pennsylvania",2531,789,1742,2453,1224,1229,4141,1894,353,48,124,79,0,18,2247,24,104,34,0,0,4623,1665,8,174,46,34,30,2958,69,252,188,12,0,7141,1258,7376,1010,28044,32500,40000,85400,106500,24448,28906,2900,0,0,36
42101030100,"Census Tract 301, Philadelphia County, Pennsylvania",2030,1026,1004,2194,992,1202,3482,1583,258,15,63,54,44,22,1899,68,155,82,50,10,4029,1932,155,287,84,28,0,2097,128,300,193,0,13,5363,1762,6225,815,40800,37413,64200,131000,141800,36270,23714,2483,0,0,18
42101030200,"Census Tract 302, Philadelphia County, Pennsylvania",2519,1822,697,2734,1731,1003,4881,2052,352,47,98,46,0,0,2829,201,202,31,0,0,5852,3039,166,97,128,0,0,2813,260,259,136,0,38,8372,1983,8835,1669,38244,67188,55700,104700,120000,35046,49940,2855,0,0,0
42101030600,"Census Tract 306, Philadelphia County, Pennsylvania",2650,1507,1143,2608,1656,952,4830,2232,304,52,223,69,15,0,2598,198,353,99,22,8,5102,2277,100,153,50,9,54,2825,142,382,297,0,0,6475,3527,6851,2468,63450,59286,74000,151900,165300,37984,50870,2885,0,11,75
42101030700,"Census Tract 307, Philadelphia County, Pennsylvania",1329,590,739,1641,553,1088,2158,1116,186,92,55,35,0,0,1042,90,50,22,0,0,2799,1264,140,149,103,34,32,1535,136,439,173,0,0,3375,2059,4421,1110,54970,59097,84100,175900,169200,41917,47039,1832,0,71,70
42101030800,"Census Tract 308, Philadelphia County, Pennsylvania",1712,1172,540,1965,1602,363,3332,1476,175,123,223,192,34,0,1856,104,240,69,9,10,3985,1703,97,297,115,28,9,2282,445,339,118,13,0,4943,2977,5727,1795,65442,69659,88000,188700,170500,56774,55695,2122,0,0,18
42101030900,"Census Tract 309, Philadelphia County, Pennsylvania",1313,704,609,1405,732,673,2467,1127,191,70,168,71,0,0,1340,87,94,105,0,15,2750,1270,67,96,0,11,0,1480,155,266,78,10,0,3761,1584,4753,1173,36820,49720,70400,142500,149100,36864,51078,1454,0,0,26
42101031000,"Census Tract 310, Philadelphia County, Pennsylvania",2131,1561,570,2095,1461,634,4272,1767,318,143,149,69,12,26,2505,100,246,79,0,0,4620,2205,52,339,72,0,12,2415,183,270,163,0,21,6639,2943,7529,2201,55440,37020,82400,167500,173400,48941,39739,2296,37,0,17
42101031200,"Census Tract 312, Philadelphia County, Pennsylvania",1626,722,904,1631,863,768,2979,1390,236,69,89,43,0,0,1589,93,133,0,0,8,3762,1825,114,361,158,0,13,1937,145,157,29,46,12,4729,1254,5146,594,50410,37337,59000,134800,119700,40403,42202,1759,0,0,0
42101031300,"Census Tract 313, Philadelphia County, Pennsylvania",2251,1176,1075,2305,935,1370,4994,2357,535,333,93,0,25,9,2637,97,318,111,0,0,5025,2707,203,135,35,0,23,2318,85,180,0,0,0,8177,2628,7692,2147,35609,53016,62100,129500,141600,30379,44485,2382,0,0,0
42101031600,"Census Tract 316, Philadelphia County, Pennsylvania",2049,1595,454,2045,1162,883,3872,1875,230,135,209,89,17,12,1997,77,337,115,20,12,4401,1933,169,217,45,0,31,2468,223,239,112,1,0,6064,5055,6553,3150,49631,59357,71800,153100,149700,43301,58321,2199,0,0,0
42101031700,"Census Tract 317, Philadelphia County, Pennsylvania",2174,1586,588,2239,1609,630,4055,1760,329,73,132,74,0,0,2295,64,104,88,0,0,3738,1955,82,179,38,0,0,1783,142,169,54,0,0,5994,3531,5200,1594,45980,60201,63000,133200,139200,38418,28621,2490,35,0,50
42101031800,"Census Tract 318, Philadelphia County, Pennsylvania",1477,920,557,1650,1030,620,2188,961,178,47,88,19,0,0,1227,53,59,29,23,12,2750,1206,159,120,20,0,0,1544,60,270,80,34,19,3766,1619,4305,831,51827,51136,59100,114500,135600,38490,52879,1770,0,0,0
42101031900,"Census Tract 319, Philadelphia County, Pennsylvania",1639,1033,606,1749,976,773,2995,1492,208,42,91,51,12,0,1503,90,167,14,0,0,3406,1683,172,162,0,56,2,1723,218,109,33,27,0,4985,2217,5562,1686,43399,44536,58800,111000,117600,41906,44720,1901,0,0,0
42101032000,"Census Tract 320, Philadelphia County, Pennsylvania",2545,1584,961,2473,1615,858,4694,2341,312,143,186,24,23,28,2353,76,148,56,0,0,4475,1910,113,148,114,0,0,2565,230,382,113,24,0,7251,4566,7941,4299,43088,51047,59500,128200,116500,38592,50227,2617,0,0,0
42101032100,"Census Tract 321, Philadelphia County, Pennsylvania",1509,852,657,1528,687,841,2505,1275,216,67,52,11,0,0,1230,150,27,0,11,0,2378,1061,47,59,188,0,0,1317,132,200,103,0,0,4237,3007,3686,1614,37308,47278,53600,107400,141800,34556,41752,1659,0,0,19
42101032300,"Census Tract 323, Philadelphia County, Pennsylvania",1281,613,668,1474,794,680,1847,920,176,83,43,10,0,8,927,30,15,8,0,0,2311,938,96,14,15,0,0,1373,86,120,46,0,0,3060,1765,3809,1197,47438,33870,52500,98200,94600,35518,28529,1617,0,17,0
42101032500,"Census Tract 325, Philadelphia County, Pennsylvania",2004,1113,891,2304,1265,1039,3378,1645,202,97,106,7,0,0,1733,209,130,49,5,22,4056,2088,94,146,0,0,0,1968,234,58,74,0,0,5089,3785,5943,2648,45163,49792,60200,117100,133800,36696,43543,2650,20,0,22
42101032600,"Census Tract 326, Philadelphia County, Pennsylvania",2482,1748,734,2906,2300,606,4352,2037,348,109,156,16,25,8,2315,67,151,46,0,0,5205,2276,57,161,172,42,32,2929,421,272,211,0,0,7103,4839,7862,4424,49241,63536,67200,134000,134000,37057,60231,3015,52,0,0
42101032900,"Census Tract 329, Philadelphia County, Pennsylvania",1666,939,727,1748,923,825,2725,1237,130,80,115,84,0,0,1488,172,55,24,0,0,2650,1205,30,111,36,6,0,1445,76,249,65,16,6,4030,2053,3695,1739,44112,50491,59600,118400,168200,31250,41211,1966,0,0,25
42101033000,"Census Tract 330, Philadelphia County, Pennsylvania",2713,2061,652,2931,1759,1172,4626,1962,327,32,113,19,0,0,2664,82,70,66,0,0,5674,2559,85,405,75,57,0,3115,187,251,354,0,0,7666,5369,9169,3890,40426,31806,59700,132100,132500,38670,44694,3031,0,0,0
42101033200,"Census Tract 332, Philadelphia County, Pennsylvania",988,835,153,1029,794,235,1864,841,78,52,200,46,0,0,1023,59,177,46,13,0,2098,1010,30,118,82,0,0,1088,76,101,96,58,10,2899,2665,2951,1482,76103,69638,92500,210100,225000,62778,64871,1083,0,42,0
42101033300,"Census Tract 333, Philadelphia County, Pennsylvania",1628,990,638,1683,1013,670,3282,1384,191,97,181,76,14,32,1898,70,199,140,7,9,3186,1428,101,165,95,26,17,1758,65,497,134,0,0,4035,3323,3985,2637,69792,97500,96900,212400,233400,41639,53785,1756,0,0,29
42101033400,"Census Tract 334, Philadelphia County, Pennsylvania",1887,933,954,1974,1091,883,3395,1509,236,59,285,53,0,0,1886,151,322,78,13,25,3958,2035,133,415,123,49,49,1923,100,331,195,0,27,4336,2599,5551,2497,52500,61534,88200,190300,182500,42108,48967,2055,0,0,0
42101033500,"Census Tract 335, Philadelphia County, Pennsylvania",1360,976,384,1379,747,632,2427,1185,159,76,205,37,14,0,1242,91,155,11,9,25,2452,1228,176,164,65,0,0,1224,34,236,69,16,10,3558,2199,3801,1625,48431,47639,85600,186000,178700,44567,47932,1442,0,0,45
42101033600,"Census Tract 336, Philadelphia County, Pennsylvania",2641,1213,1428,2485,1204,1281,4549,2062,239,220,288,11,13,0,2487,193,323,262,0,0,4883,2517,83,367,137,51,0,2366,123,391,134,0,0,6792,5330,7028,3615,68015,45342,95800,221500,195100,50536,42988,2668,0,0,0
42101033800,"Census Tract 338, Philadelphia County, Pennsylvania",2419,1535,884,2506,1494,1012,3986,1876,216,58,261,93,52,3,2110,172,279,178,15,3,5119,2623,198,604,50,0,36,2496,145,375,80,30,106,5806,4779,6858,4639,59717,69688,92100,198300,201800,47316,57636,2570,0,0,53
42101033900,"Census Tract 339, Philadelphia County, Pennsylvania",1198,812,386,1347,717,630,2039,940,128,79,181,35,21,0,1099,48,214,97,10,11,2215,932,67,178,47,0,0,1283,75,309,191,0,42,2831,2106,2893,1642,74468,77386,97700,195400,202100,55729,51710,1445,0,0,5
42101034000,"Census Tract 340, Philadelphia County, Pennsylvania",1071,951,120,1171,1005,166,2132,1054,132,100,243,27,16,0,1078,94,102,88,23,11,2338,1140,57,275,37,16,0,1198,67,215,125,25,50,2918,2205,3055,2146,77450,106233,99200,218500,245800,61037,89181,1181,0,0,106
42101034100,"Census Tract 341, Philadelphia County, Pennsylvania",2382,1352,1030,2497,1394,1103,4261,1899,268,33,339,52,22,50,2362,303,284,119,20,35,4251,2175,135,446,140,57,31,2076,132,393,254,17,54,6060,5242,5310,3426,67966,65833,102200,208700,219900,50000,63485,2645,0,0,73
42101034200,"Census Tract 342, Philadelphia County, Pennsylvania",1389,664,725,1684,814,870,2485,1033,138,56,224,73,50,16,1452,80,257,153,9,0,2992,1147,36,334,111,51,5,1845,151,504,223,0,0,3158,2651,3648,2565,61458,71167,113200,245900,256200,52899,56181,1831,0,21,249
42101034400,"Census Tract 344, Philadelphia County, Pennsylvania",2508,2327,181,2882,2597,285,5642,2642,267,213,476,201,102,105,3000,200,484,296,15,23,6355,3161,241,570,240,15,56,3194,254,698,426,46,63,8218,6602,8083,5293,92115,91528,125400,289800,274200,78914,81582,2964,0,0,51
42101034600,"Census Tract 346, Philadelphia County, Pennsylvania",1168,233,935,1180,266,914,1530,715,139,43,143,26,3,0,815,47,145,87,26,9,2033,896,105,204,8,0,55,1137,58,196,54,0,28,2117,1019,2617,1030,49688,57619,110900,199600,169500,33981,51667,1280,0,0,233
42101034701,"Census Tract 347.01, Philadelphia County, Pennsylvania",2412,1820,592,2771,1939,832,4612,2163,244,147,253,72,0,28,2449,434,350,93,0,0,5432,2641,175,444,95,158,48,2791,154,468,261,0,33,6462,4121,7314,4658,60909,67371,94900,211000,218800,45800,58370,2771,0,0,14
42101034702,"Census Tract 347.02, Philadelphia County, Pennsylvania",1429,1248,181,1317,1111,206,3300,1412,145,112,305,32,53,0,1888,79,286,167,67,25,2702,1294,58,380,111,6,0,1408,132,295,116,7,0,4438,3735,3493,2482,81020,100000,98900,219800,231300,69981,88384,1386,0,0,6
42101034801,"Census Tract 348.01, Philadelphia County, Pennsylvania",1882,860,1022,2030,1024,1006,3072,1557,155,171,232,43,0,0,1515,84,106,39,0,0,3720,1865,125,235,47,52,0,1855,300,104,68,38,11,4139,3559,4739,4032,68393,64920,75500,158200,170500,42470,58571,2039,0,0,5
42101034802,"Census Tract 348.02, Philadelphia County, Pennsylvania",2162,1082,1080,2266,1082,1184,3700,1819,272,100,215,26,86,45,1881,182,181,51,49,0,3648,1696,38,278,91,115,0,1952,237,128,179,0,0,5600,3488,5765,3200,74447,83917,87400,208200,218200,52383,45956,2401,0,0,80
42101034803,"Census Tract 348.03, Philadelphia County, Pennsylvania",1694,1342,352,1496,1320,176,3305,1569,167,67,251,29,0,12,1736,181,193,156,9,7,2953,1351,85,268,101,87,0,1602,163,295,127,69,0,4702,3959,3854,3148,60714,86096,94600,208000,212700,56667,80672,1635,61,0,0
42101034900,"Census Tract 349, Philadelphia County, Pennsylvania",2084,1141,943,2030,1328,702,3900,1641,355,59,141,41,12,0,2259,156,116,35,0,0,3814,1962,69,140,139,0,0,1852,225,159,57,26,0,6207,4273,4959,2248,41923,67616,65700,143000,145900,37923,53947,2283,0,0,0
42101035100,"Census Tract 351, Philadelphia County, Pennsylvania",1948,1275,673,2046,1354,692,3142,1283,204,127,272,94,29,0,1859,53,202,114,22,13,3666,1599,38,325,228,54,28,2067,115,483,346,30,14,3514,3409,4040,3181,72717,86734,86000,192400,174300,45536,59219,2269,0,20,63
42101035200,"Census Tract 352, Philadelphia County, Pennsylvania",1709,1371,338,2078,1779,299,3249,1437,168,64,287,49,7,0,1812,163,279,97,11,0,3819,1946,97,348,172,0,12,1873,113,328,117,42,0,4525,4041,4733,4171,78385,108676,106700,231500,247200,67386,75972,2205,0,19,53
42101035301,"Census Tract 353.01, Philadelphia County, Pennsylvania",1974,1720,254,2067,1518,549,3718,1697,171,52,204,63,7,0,2021,215,167,51,47,0,3953,1928,123,259,43,19,7,2025,441,311,69,0,40,5735,5152,5487,4395,71204,78403,84300,187300,208300,63841,78574,2153,0,0,18
42101035302,"Census Tract 353.02, Philadelphia County, Pennsylvania",1856,1253,603,1740,1085,655,3311,1487,170,107,163,37,0,0,1824,17,112,29,43,15,3109,1293,82,164,77,14,0,1816,71,357,89,14,10,4805,3869,4569,3049,63629,74958,90800,211300,209700,55172,54219,1807,10,0,43
42101035500,"Census Tract 355, Philadelphia County, Pennsylvania",2865,1956,909,2967,2219,748,5505,2736,233,235,505,130,70,17,2769,263,320,226,18,0,5460,2390,217,392,210,38,87,3070,146,446,655,0,38,7495,5980,7717,5714,65329,85997,110500,224900,237800,52885,60050,3087,46,0,47
42101035800,"Census Tract 358, Philadelphia County, Pennsylvania",2222,2079,143,2242,1668,574,4541,2351,187,166,399,268,13,15,2190,252,524,187,43,0,4806,1997,116,375,66,104,36,2809,403,483,402,90,39,6155,4982,6652,4393,75594,70208,111300,234800,262100,62621,62214,2275,82,0,48
42101035900,"Census Tract 359, Philadelphia County, Pennsylvania",2043,1424,619,2196,1462,734,3995,1814,221,125,298,76,13,53,2181,128,380,190,48,0,4316,2032,128,459,54,46,78,2284,222,452,136,14,17,5263,4295,5352,3510,74316,81786,112000,240300,256100,51128,55287,2315,0,0,0
42101036000,"Census Tract 360, Philadelphia County, Pennsylvania",975,616,359,1209,752,457,2646,966,185,89,164,44,25,19,1680,101,140,46,27,0,2830,1245,117,373,169,10,32,1585,110,363,103,20,15,3288,2486,3512,2072,73611,82212,121200,232900,250400,59304,58068,1259,5,0,57
42101036100,"Census Tract 361, Philadelphia County, Pennsylvania",1517,964,553,1398,739,659,2693,1245,143,94,213,37,0,0,1448,147,123,26,0,7,2713,1143,104,172,49,0,0,1570,222,142,106,24,21,4306,3040,3978,2360,57333,85599,96600,224500,206400,51432,60341,1580,17,0,0
42101036201,"Census Tract 362.01, Philadelphia County, Pennsylvania",1998,1407,591,1962,1314,648,3569,1666,174,47,78,54,46,0,1903,149,264,50,0,0,4082,1785,75,327,115,1,0,2297,235,485,112,8,12,4752,3984,5195,4236,65302,86061,87600,196600,198500,50960,62794,2033,0,0,10
42101036202,"Census Tract 362.02, Philadelphia County, Pennsylvania",2222,1967,255,2328,1898,430,4324,2013,224,98,297,40,0,0,2311,254,349,27,26,0,4642,1936,13,473,125,0,1,2706,237,563,243,0,19,6284,5139,6171,4775,80612,93554,94700,218100,224100,61513,77740,2419,0,0,7
42101036203,"Census Tract 362.03, Philadelphia County, Pennsylvania",1738,1534,204,1818,1616,202,3197,1533,216,85,180,97,11,11,1664,104,209,43,15,9,3569,1711,142,324,45,0,15,1858,133,417,62,0,0,4470,3996,4827,4146,73606,89583,94200,211700,217000,47014,70441,1888,0,0,27
42101036301,"Census Tract 363.01, Philadelphia County, Pennsylvania",1292,1055,237,1514,1141,373,2604,1191,120,90,76,23,0,25,1413,57,213,48,9,13,3165,1568,105,463,59,0,0,1597,138,188,68,10,0,3874,2882,4351,2732,70750,93338,89200,201900,227400,54569,74074,1577,0,0,38
42101036302,"Census Tract 363.02, Philadelphia County, Pennsylvania",1210,928,282,1267,877,390,2192,1034,177,35,78,13,9,13,1158,25,142,43,9,0,2559,1326,89,169,143,0,35,1233,82,115,31,48,0,3307,2347,3607,2560,63567,69413,80400,197400,185500,60000,64238,1300,0,0,29
42101036303,"Census Tract 363.03, Philadelphia County, Pennsylvania",2288,2117,171,2219,2079,140,4493,2210,196,107,329,91,13,20,2283,143,251,79,31,0,4606,2352,85,271,94,83,10,2254,178,438,231,83,10,6617,6193,6609,6266,66639,101027,88600,210600,212900,62147,96081,2434,7,0,0
42101036600,"Census Tract 366, Philadelphia County, Pennsylvania",703,444,259,1134,508,626,1139,673,127,24,344,68,27,48,466,0,191,96,65,20,1823,1127,16,610,113,111,86,696,49,197,188,54,12,1327,1007,2132,1416,129479,192727,223800,436500,380400,130139,125807,1387,283,67,266
